{
  "2_aspect": {
    "P@5": 0.56,
    "MRR": 0.7666666666666666,
    "Hit@1": 0.6
  },
  "4_aspect": {
    "P@5": 0.58,
    "MRR": 0.7166666666666666,
    "Hit@1": 0.6
  },
  "improvement_pct": {
    "P@5": 3.5714285714285547,
    "MRR": -6.521739130434789,
    "Hit@1": 0.0
  },
  "queries": 10
}